fh,temp,hora
2017-04-17,25.18,12:00:00
2017-04-17,25.56,13:00:00
2017-04-17,25.70,14:00:00
2017-04-17,25.57,15:00:00
2017-04-17,25.20,16:00:00
2017-04-17,24.62,17:00:00
2017-04-17,23.88,18:00:00
2017-04-17,23.06,19:00:00
2017-04-17,22.20,20:00:00
2017-04-17,21.36,21:00:00
2017-04-17,20.58,22:00:00
2017-04-17,19.89,23:00:00
2017-04-18,19.27,00:00:00
2017-04-18,18.90,01:00:00
2017-04-18,18.74,02:00:00
2017-04-18,18.82,03:00:00
2017-04-18,19.16,04:00:00
2017-04-18,19.72,05:00:00
2017-04-18,20.46,06:00:00
2017-04-18,21.32,07:00:00
2017-04-18,22.22,08:00:00
2017-04-18,23.09,09:00:00
2017-04-18,23.88,10:00:00
2017-04-18,24.54,11:00:00
2017-04-18,25.05,12:00:00
2017-04-18,25.39,13:00:00
2017-04-18,25.53,14:00:00
2017-04-18,25.45,15:00:00
2017-04-18,25.15,16:00:00
2017-04-18,24.63,17:00:00
2017-04-18,23.91,18:00:00
2017-04-18,23.06,19:00:00
2017-04-18,22.14,20:00:00
2017-04-18,21.23,21:00:00
2017-04-18,20.40,22:00:00
2017-04-18,19.72,23:00:00
2017-04-19,19.14,00:00:00
2017-04-19,18.84,01:00:00
2017-04-19,18.74,02:00:00
2017-04-19,18.84,03:00:00
2017-04-19,19.15,04:00:00
2017-04-19,19.65,05:00:00
2017-04-19,20.32,06:00:00
2017-04-19,21.14,07:00:00
2017-04-19,22.04,08:00:00
2017-04-19,22.96,09:00:00
2017-04-19,23.82,10:00:00
2017-04-19,24.54,11:00:00
2017-04-19,25.38,13:00:00
2017-04-19,25.07,12:00:00
2017-04-19,25.45,14:00:00
2017-04-19,25.31,15:00:00
2017-04-19,24.97,16:00:00
2017-04-19,24.45,17:00:00
2017-04-19,23.78,18:00:00
2017-04-19,23.00,19:00:00
2017-04-19,22.14,20:00:00
2017-04-19,21.25,21:00:00
2017-04-19,20.39,22:00:00
2017-04-19,19.65,23:00:00
2017-04-20,18.99,00:00:00
2017-04-20,18.65,01:00:00
2017-04-20,18.56,02:00:00
2017-04-20,18.71,03:00:00
2017-04-20,19.09,04:00:00
2017-04-20,19.65,05:00:00
2017-04-20,20.34,06:00:00
2017-04-20,21.12,07:00:00
2017-04-20,21.96,08:00:00
2017-04-20,22.81,09:00:00
2017-04-20,23.63,10:00:00
2017-04-20,24.36,11:00:00
2017-04-20,24.94,12:00:00
2017-04-20,25.32,13:00:00
2017-04-20,25.45,14:00:00
2017-04-20,25.32,15:00:00
2017-04-20,24.95,16:00:00
2017-04-20,24.37,17:00:00
2017-04-20,23.63,18:00:00
2017-04-20,22.81,19:00:00
2017-04-20,21.96,20:00:00
2017-04-20,21.12,21:00:00
2017-04-20,20.33,22:00:00
2017-04-20,19.65,23:00:00
2017-04-21,19.00,00:00:00
2017-04-21,18.62,01:00:00
2017-04-21,18.47,02:00:00
2017-04-21,18.56,03:00:00
2017-04-21,18.89,04:00:00
2017-04-21,19.46,05:00:00
2017-04-21,20.21,06:00:00
2017-04-21,21.06,07:00:00
2017-04-21,21.96,08:00:00
2017-04-21,22.82,09:00:00
2017-04-21,23.61,10:00:00
2017-04-21,24.27,11:00:00
2017-04-21,24.78,12:00:00
2017-04-21,25.12,13:00:00
2017-04-21,25.27,14:00:00
2017-04-21,25.19,15:00:00
2017-04-21,24.89,16:00:00
2017-04-21,24.36,17:00:00
2017-04-21,23.64,18:00:00
2017-04-21,22.78,19:00:00
2017-04-21,21.86,20:00:00
2017-04-21,20.96,21:00:00
2017-04-21,20.14,22:00:00
2017-04-21,19.46,23:00:00
2017-04-22,18.87,00:00:00
2017-04-22,18.56,01:00:00
2017-04-22,18.46,02:00:00
2017-04-22,18.56,03:00:00
2017-04-22,18.86,04:00:00
2017-04-22,19.36,05:00:00
2017-04-22,20.04,06:00:00
2017-04-22,20.86,07:00:00
2017-04-22,21.77,08:00:00
2017-04-22,22.69,09:00:00
2017-04-22,23.55,10:00:00
2017-04-22,24.26,11:00:00
2017-04-22,24.79,12:00:00
2017-04-22,25.09,13:00:00
2017-04-22,25.17,14:00:00
2017-04-22,25.03,15:00:00
2017-04-22,24.69,16:00:00
2017-04-22,24.18,17:00:00
2017-04-22,23.51,18:00:00
2017-04-22,22.73,19:00:00
2017-04-22,21.86,20:00:00
2017-04-22,20.96,21:00:00
2017-04-22,20.11,22:00:00
2017-04-22,19.36,23:00:00
2017-04-23,18.70,00:00:00
2017-04-23,18.36,01:00:00
2017-04-23,18.28,02:00:00
2017-04-23,18.43,03:00:00
2017-04-23,18.81,04:00:00
2017-04-23,19.36,05:00:00
2017-04-23,20.04,06:00:00
2017-04-23,20.83,07:00:00
2017-04-23,21.67,08:00:00
2017-04-23,22.52,09:00:00
2017-04-23,23.35,10:00:00
2017-04-23,24.08,11:00:00
2017-04-23,24.66,12:00:00
2017-04-23,25.03,13:00:00
2017-04-23,25.16,14:00:00
2017-04-23,25.03,15:00:00
2017-04-23,24.65,16:00:00
2017-04-23,24.07,17:00:00
2017-04-23,23.34,18:00:00
2017-04-23,22.53,19:00:00
2017-04-23,21.68,20:00:00
2017-04-23,20.84,21:00:00
2017-04-23,20.05,22:00:00
2017-04-23,19.36,23:00:00
2017-04-24,18.70,00:00:00
2017-04-24,18.32,01:00:00
2017-04-24,18.17,02:00:00
2017-04-24,18.26,03:00:00
2017-04-24,18.61,04:00:00
2017-04-24,19.18,05:00:00
2017-04-24,19.92,06:00:00
2017-04-24,20.78,07:00:00
2017-04-24,21.66,08:00:00
2017-04-24,22.52,09:00:00
2017-04-24,23.31,10:00:00
2017-04-24,23.97,11:00:00
2017-04-24,24.49,12:00:00
2017-04-24,24.84,13:00:00
2017-04-24,24.98,14:00:00
2017-04-24,24.91,15:00:00
2017-04-24,24.60,16:00:00
2017-04-24,24.07,17:00:00
2017-04-24,23.34,18:00:00
2017-04-24,22.49,19:00:00
2017-04-24,21.57,20:00:00
2017-04-24,20.67,21:00:00
2017-04-24,19.85,22:00:00
2017-04-24,19.18,23:00:00
2017-04-25,18.59,00:00:00
2017-04-25,18.28,01:00:00
2017-04-25,18.17,02:00:00
2017-04-25,18.27,03:00:00
2017-04-25,18.57,04:00:00
2017-04-25,19.07,05:00:00
2017-04-25,19.75,06:00:00
2017-04-25,20.58,07:00:00
2017-04-25,21.49,08:00:00
2017-04-25,22.41,09:00:00
2017-04-25,23.26,10:00:00
2017-04-25,23.97,11:00:00
2017-04-25,24.49,12:00:00
2017-04-25,24.79,13:00:00
2017-04-25,24.87,14:00:00
2017-04-25,24.74,15:00:00
2017-04-25,24.40,16:00:00
2017-04-25,23.90,17:00:00
2017-04-25,23.23,18:00:00
2017-04-25,22.44,19:00:00
2017-04-25,22.44,19:00:00
2017-04-25,21.57,20:00:00
2017-04-25,20.67,21:00:00
2017-04-25,19.81,22:00:00
2017-04-25,19.07,23:00:00
2017-04-26,18.42,00:00:00
2017-04-26,18.09,01:00:00
2017-04-26,18.00,02:00:00
2017-04-26,18.16,03:00:00
2017-04-26,18.53,04:00:00
2017-04-26,19.08,05:00:00
2017-04-26,19.76,06:00:00
2017-04-26,20.54,07:00:00
2017-04-26,21.38,08:00:00
2017-04-26,22.24,09:00:00
2017-04-26,23.07,10:00:00
2017-04-26,23.81,11:00:00
2017-04-26,24.39,12:00:00
2017-04-26,24.76,13:00:00
2017-04-26,24.88,14:00:00
2017-04-26,24.74,15:00:00
2017-04-26,24.36,16:00:00
2017-04-26,23.78,17:00:00
2017-04-26,23.06,18:00:00
2017-04-26,22.25,19:00:00
2017-04-26,21.40,20:00:00
2017-04-26,20.57,21:00:00
2017-04-26,19.78,22:00:00
2017-04-26,19.08,23:00:00
2017-04-27,18.43,00:00:00
2017-04-27,18.05,01:00:00
2017-04-27,17.90,02:00:00
2017-04-27,17.99,03:00:00
2017-04-27,18.34,04:00:00
2017-04-27,18.92,05:00:00
2017-04-27,19.66,06:00:00
2017-04-27,20.51,07:00:00
2017-04-27,21.40,08:00:00
2017-04-27,22.25,09:00:00
2017-04-27,23.03,10:00:00
2017-04-27,23.70,11:00:00
2017-04-27,24.22,12:00:00
2017-04-27,24.57,13:00:00
2017-04-27,24.72,14:00:00
2017-04-27,24.65,15:00:00
2017-04-27,24.34,16:00:00
2017-04-27,23.80,17:00:00
2017-04-27,23.07,18:00:00
2017-04-27,22.21,19:00:00
2017-04-27,21.29,20:00:00
2017-04-27,20.40,21:00:00
2017-04-27,19.59,22:00:00
2017-04-27,18.92,23:00:00
2017-04-28,18.35,00:00:00
2017-04-28,18.03,01:00:00
2017-04-28,17.92,02:00:00
2017-04-28,18.01,03:00:00
2017-04-28,18.31,04:00:00
2017-04-28,18.82,05:00:00
2017-04-28,19.50,06:00:00
2017-04-28,20.34,07:00:00
2017-04-28,21.25,08:00:00
2017-04-28,22.17,09:00:00
2017-04-28,23.02,10:00:00
2017-04-28,23.72,11:00:00
2017-04-28,24.24,12:00:00
2017-04-28,24.54,13:00:00
2017-04-28,24.62,14:00:00
2017-04-28,24.49,15:00:00
2017-04-28,24.16,16:00:00
2017-04-28,23.66,17:00:00
2017-04-28,22.99,18:00:00
2017-04-28,22.20,19:00:00
2017-04-28,21.32,20:00:00
2017-04-28,20.41,21:00:00
2017-04-28,19.55,22:00:00
2017-04-28,18.81,23:00:00
2017-04-29,18.19,00:00:00
2017-04-29,17.87,01:00:00
2017-04-29,17.79,02:00:00
2017-04-29,17.94,03:00:00
2017-04-29,18.31,04:00:00
2017-04-29,18.85,05:00:00
2017-04-29,19.53,06:00:00
2017-04-29,20.31,07:00:00
2017-04-29,21.15,08:00:00
2017-04-29,22.02,09:00:00
2017-04-29,22.85,10:00:00
2017-04-29,23.59,11:00:00
2017-04-29,24.17,12:00:00
2017-04-29,24.54,13:00:00
2017-04-29,24.65,14:00:00
2017-04-29,24.51,15:00:00
2017-04-29,24.13,16:00:00
2017-04-29,23.56,17:00:00
2017-04-29,22.84,18:00:00
2017-04-29,22.03,19:00:00
2017-04-29,21.19,20:00:00
2017-04-29,20.35,21:00:00
2017-04-29,19.56,22:00:00
2017-04-29,18.85,23:00:00
2017-04-30,18.23,00:00:00
2017-04-30,17.85,01:00:00
2017-04-30,17.70,02:00:00
2017-04-30,17.80,03:00:00
2017-04-30,18.16,04:00:00
2017-04-30,18.73,05:00:00
2017-04-30,19.48,06:00:00
2017-04-30,20.32,07:00:00
2017-04-30,21.20,08:00:00
2017-04-30,22.05,09:00:00
2017-04-30,22.83,10:00:00
2017-04-30,23.50,11:00:00
2017-04-30,24.03,12:00:00
2017-04-30,24.38,13:00:00
2017-04-30,24.54,14:00:00
2017-04-30,24.46,15:00:00
2017-04-30,24.15,16:00:00
2017-04-30,23.60,17:00:00
2017-04-30,22.87,18:00:00
2017-04-30,22.01,19:00:00
2017-04-30,21.10,20:00:00
2017-04-30,20.20,21:00:00
2017-04-30,19.40,22:00:00
2017-04-30,18.73,23:00:00
2017-05-01,18.19,00:00:00
2017-05-01,17.87,01:00:00
2017-05-01,17.76,02:00:00
2017-05-01,17.84,03:00:00
2017-05-01,18.14,04:00:00
2017-05-01,18.65,05:00:00
2017-05-01,19.34,06:00:00
2017-05-01,20.18,07:00:00
2017-05-01,21.10,08:00:00
2017-05-01,22.02,09:00:00
2017-05-01,22.86,10:00:00
2017-05-01,23.56,11:00:00
2017-05-01,24.07,12:00:00
2017-05-01,24.37,13:00:00
2017-05-01,24.45,14:00:00
2017-05-01,24.33,15:00:00
2017-05-01,24.00,16:00:00
2017-05-01,23.50,17:00:00
2017-05-01,22.84,18:00:00
2017-05-01,22.04,19:00:00
2017-05-01,21.15,20:00:00
2017-05-01,20.24,21:00:00
2017-05-01,19.38,22:00:00
2017-05-01,18.65,23:00:00
2017-05-02,18.07,00:00:00
2017-05-02,17.75,01:00:00
2017-05-02,17.67,02:00:00
2017-05-02,17.82,03:00:00
2017-05-02,18.18,04:00:00
2017-05-02,18.72,05:00:00
2017-05-02,19.39,06:00:00
2017-05-02,20.17,07:00:00
2017-05-02,21.02,08:00:00
2017-05-02,21.89,09:00:00
2017-05-02,22.73,10:00:00
2017-05-02,23.47,11:00:00
2017-05-02,24.05,12:00:00
2017-05-02,24.41,13:00:00
2017-05-02,24.52,14:00:00
2017-05-02,24.38,15:00:00
2017-05-02,24.00,16:00:00
2017-05-02,23.42,17:00:00
2017-05-02,22.71,18:00:00
2017-05-02,21.91,19:00:00
2017-05-02,21.07,20:00:00
2017-05-02,20.23,21:00:00
2017-05-02,19.43,22:00:00
2017-05-02,18.72,23:00:00
2017-05-03,18.13,00:00:00
2017-05-03,17.75,01:00:00
2017-05-03,17.60,02:00:00
2017-05-03,17.71,03:00:00
2017-05-03,18.07,04:00:00
2017-05-03,18.65,05:00:00
2017-05-03,19.39,06:00:00
2017-05-03,20.23,07:00:00
2017-05-03,21.11,08:00:00
2017-05-03,21.95,09:00:00
2017-05-03,22.73,10:00:00
2017-05-03,23.41,11:00:00
2017-05-03,23.94,12:00:00
2017-05-03,24.30,13:00:00
2017-05-03,24.46,14:00:00
2017-05-03,24.38,15:00:00
2017-05-03,24.06,16:00:00
2017-05-03,23.51,17:00:00
2017-05-03,22.77,18:00:00
2017-05-03,21.91,19:00:00
2017-05-03,21.00,20:00:00
2017-05-03,20.12,21:00:00
2017-05-03,19.32,22:00:00
2017-05-03,18.65,23:00:00
2017-05-04,18.15,00:00:00
2017-05-04,17.83,01:00:00
2017-05-04,17.70,02:00:00
2017-05-04,17.78,03:00:00
2017-05-04,18.08,04:00:00
2017-05-04,18.59,05:00:00
2017-05-04,19.29,06:00:00
2017-05-04,20.13,07:00:00
2017-05-04,21.05,08:00:00
2017-05-04,21.97,09:00:00
2017-05-04,22.81,10:00:00
2017-05-04,23.50,11:00:00
2017-05-04,24.01,12:00:00
2017-05-04,24.31,13:00:00
2017-05-04,24.40,14:00:00
2017-05-04,24.28,15:00:00
2017-05-04,23.96,16:00:00
2017-05-04,23.46,17:00:00
2017-05-04,22.79,18:00:00
2017-05-04,21.99,19:00:00
2017-05-04,21.10,20:00:00
2017-05-04,20.19,21:00:00
2017-05-04,19.33,22:00:00
2017-05-04,18.59,23:00:00
2017-05-05,18.06,00:00:00
2017-05-05,17.74,01:00:00
2017-05-05,17.67,02:00:00
2017-05-05,17.82,03:00:00
2017-05-05,18.18,04:00:00
2017-05-05,18.71,05:00:00
2017-05-05,19.38,06:00:00
2017-05-05,20.15,07:00:00
2017-05-05,21.01,08:00:00
2017-05-05,21.88,09:00:00
2017-05-05,22.73,10:00:00
2017-05-05,23.47,11:00:00
2017-05-05,24.05,12:00:00
2017-05-05,24.40,13:00:00
2017-05-05,24.51,14:00:00
2017-05-05,24.36,15:00:00
2017-05-05,23.98,16:00:00
2017-05-05,23.41,17:00:00
2017-05-05,22.70,18:00:00
2017-05-05,21.91,19:00:00
2017-05-05,21.07,20:00:00
2017-05-05,20.22,21:00:00
2017-05-05,19.42,22:00:00
2017-05-05,18.70,23:00:00
2017-05-06,18.15,00:00:00
2017-05-06,17.77,01:00:00
2017-05-06,17.63,02:00:00
2017-05-06,17.74,03:00:00
2017-05-06,18.11,04:00:00
2017-05-06,18.69,05:00:00
2017-05-06,19.43,06:00:00
2017-05-06,20.26,07:00:00
2017-05-06,21.13,08:00:00
2017-05-06,21.98,09:00:00
2017-05-06,22.76,10:00:00
2017-05-06,23.43,11:00:00
2017-05-06,23.97,12:00:00
2017-05-06,24.34,13:00:00
2017-05-06,24.49,14:00:00
2017-05-06,24.41,15:00:00
2017-05-06,24.09,16:00:00
2017-05-06,23.53,17:00:00
2017-05-06,22.80,18:00:00
2017-05-06,21.93,19:00:00
2017-05-06,21.03,20:00:00
2017-05-06,20.15,21:00:00
2017-05-06,19.35,22:00:00
2017-05-06,18.69,23:00:00
2017-05-07,18.22,00:00:00
2017-05-07,17.90,01:00:00
2017-05-07,17.77,02:00:00
2017-05-07,17.85,03:00:00
2017-05-07,18.15,04:00:00
2017-05-07,18.66,05:00:00
2017-05-07,19.36,06:00:00
2017-05-07,20.21,07:00:00
2017-05-07,21.13,08:00:00
2017-05-07,22.05,09:00:00
2017-05-07,22.88,10:00:00
2017-05-07,23.57,11:00:00
2017-05-07,24.07,12:00:00
2017-05-07,24.37,13:00:00
2017-05-07,24.46,14:00:00
2017-05-07,24.35,15:00:00
2017-05-07,24.04,16:00:00
2017-05-07,23.54,17:00:00
2017-05-07,22.87,18:00:00
2017-05-07,22.06,19:00:00
2017-05-07,21.17,20:00:00
2017-05-07,20.25,21:00:00
2017-05-07,19.39,22:00:00
2017-05-07,18.66,23:00:00
2017-05-08,18.17,00:00:00
2017-05-08,17.86,01:00:00
2017-05-08,17.78,02:00:00
2017-05-08,17.93,03:00:00
2017-05-08,18.29,04:00:00
2017-05-08,18.81,05:00:00
2017-05-08,19.48,06:00:00
2017-05-08,20.26,07:00:00
2017-05-08,21.11,08:00:00
2017-05-08,21.99,09:00:00
2017-05-08,22.84,10:00:00
2017-05-08,23.59,11:00:00
2017-05-08,24.16,12:00:00
2017-05-08,24.51,13:00:00
2017-05-08,24.61,14:00:00
2017-05-08,24.46,15:00:00
2017-05-08,24.08,16:00:00
2017-05-08,23.52,17:00:00
2017-05-08,22.82,18:00:00
2017-05-08,22.02,19:00:00
2017-05-08,21.19,20:00:00
2017-05-08,20.34,21:00:00
2017-05-08,19.53,22:00:00
2017-05-08,18.81,23:00:00
2017-05-09,18.29,00:00:00
2017-05-09,17.91,01:00:00
2017-05-09,17.77,02:00:00
2017-05-09,17.89,03:00:00
2017-05-09,18.26,04:00:00
2017-05-09,18.84,05:00:00
2017-05-09,19.58,06:00:00
2017-05-09,20.41,07:00:00
2017-05-09,21.27,08:00:00
2017-05-09,22.11,09:00:00
2017-05-09,22.89,10:00:00
2017-05-09,23.58,11:00:00
2017-05-09,24.12,12:00:00
2017-05-09,24.49,13:00:00
2017-05-09,24.65,14:00:00
2017-05-09,24.56,15:00:00
2017-05-09,24.23,16:00:00
2017-05-09,23.67,17:00:00
2017-05-09,22.93,18:00:00
2017-05-09,22.07,19:00:00
2017-05-09,21.17,20:00:00
2017-05-09,20.30,21:00:00
2017-05-09,19.51,22:00:00
2017-05-09,18.84,23:00:00
2017-05-10,18.41,00:00:00
2017-05-10,18.08,01:00:00
2017-05-10,17.94,02:00:00
2017-05-10,18.02,03:00:00
2017-05-10,18.32,04:00:00
2017-05-10,18.84,05:00:00
2017-05-10,19.55,06:00:00
2017-05-10,20.40,07:00:00
2017-05-10,21.32,08:00:00
2017-05-10,22.23,09:00:00
2017-05-10,23.06,10:00:00
2017-05-10,23.74,11:00:00
2017-05-10,24.25,12:00:00
2017-05-10,24.55,13:00:00
2017-05-10,24.64,14:00:00
2017-05-10,24.53,15:00:00
2017-05-10,24.22,16:00:00
2017-05-10,23.72,17:00:00
2017-05-10,23.05,18:00:00
2017-05-10,22.24,19:00:00
2017-05-10,21.34,20:00:00
2017-05-10,20.42,21:00:00
2017-05-10,19.56,22:00:00
2017-05-10,18.84,23:00:00
2017-05-11,18.38,00:00:00
2017-05-11,18.07,01:00:00
2017-05-11,18.00,02:00:00
2017-05-11,18.15,03:00:00
2017-05-11,18.49,04:00:00
2017-05-11,19.01,05:00:00
2017-05-11,19.68,06:00:00
2017-05-11,20.46,07:00:00
2017-05-11,21.32,08:00:00
2017-05-11,22.21,09:00:00
2017-05-11,23.06,10:00:00
2017-05-11,23.81,11:00:00
2017-05-11,24.38,12:00:00
2017-05-11,24.72,13:00:00
2017-05-11,24.82,14:00:00
2017-05-11,24.66,15:00:00
2017-05-11,24.28,16:00:00
2017-05-11,23.72,17:00:00
2017-05-11,23.03,18:00:00
2017-05-11,22.24,19:00:00
2017-05-11,21.40,20:00:00
2017-05-11,20.55,21:00:00
2017-05-11,19.74,22:00:00
2017-05-11,19.01,23:00:00
2017-05-12,18.52,00:00:00
2017-05-12,18.14,01:00:00
2017-05-12,18.01,02:00:00
2017-05-12,18.13,03:00:00
2017-05-12,18.50,04:00:00
2017-05-12,19.09,05:00:00
2017-05-12,19.82,06:00:00
2017-05-12,20.64,07:00:00
2017-05-12,21.50,08:00:00
2017-05-12,22.34,09:00:00
2017-05-12,23.12,10:00:00
2017-05-12,2.00,11:00:00
2017-05-12,24.36,12:00:00
2017-05-12,24.73,13:00:00
2017-05-12,24.89,14:00:00
2017-05-12,24.80,15:00:00
2017-05-12,24.47,16:00:00
2017-05-12,23.90,17:00:00
2017-05-12,23.16,18:00:00
2017-05-12,22.30,19:00:00
2017-05-12,21.41,20:00:00
2017-05-12,20.54,21:00:00
2017-05-12,19.75,22:00:00
2017-05-12,19.09,23:00:00
2017-05-13,18.67,00:00:00
2017-05-13,18.33,01:00:00
2017-05-13,18.19,02:00:00
2017-05-13,18.27,03:00:00
2017-05-13,18.57,04:00:00
2017-05-13,19.09,05:00:00
2017-05-13,19.81,06:00:00
2017-05-13,20.66,07:00:00
2017-05-13,21.58,08:00:00
2017-05-13,22.49,09:00:00
2017-05-13,23.31,10:00:00
2017-05-13,23.99,11:00:00
2017-05-13,24.49,12:00:00
2017-05-13,24.80,13:00:00
2017-05-13,24.90,14:00:00
2017-05-13,24.79,15:00:00
2017-05-13,24.49,16:00:00
2017-05-13,23.99,17:00:00
2017-05-13,23.31,18:00:00
2017-05-13,22.49,19:00:00
2017-05-13,21.59,20:00:00
2017-05-13,20.67,21:00:00
2017-05-13,19.81,22:00:00
2017-05-13,19.09,23:00:00
2017-05-14,18.66,00:00:00
2017-05-14,18.36,01:00:00
2017-05-14,18.28,02:00:00
2017-05-14,18.42,03:00:00
2017-05-14,18.76,04:00:00
2017-05-14,19.28,05:00:00
2017-05-14,19.94,06:00:00
2017-05-14,20.73,07:00:00
2017-05-14,21.59,08:00:00
2017-05-14,22.49,09:00:00
2017-05-14,23.34,10:00:00
2017-05-14,24.09,11:00:00
2017-05-14,24.65,12:00:00
2017-05-14,24.99,13:00:00
2017-05-14,25.08,14:00:00
2017-05-14,24.93,15:00:00
2017-05-14,24.55,16:00:00
2017-05-14,24.00,17:00:00
2017-05-14,23.31,18:00:00
2017-05-14,22.52,19:00:00
2017-05-14,21.68,20:00:00
2017-05-14,20.83,21:00:00
2017-05-14,20.01,22:00:00
2017-05-14,19.28,23:00:00
2017-05-15,18.79,00:00:00
2017-05-15,18.42,01:00:00
2017-05-15,18.29,02:00:00
2017-05-15,18.42,03:00:00
2017-05-15,18.80,04:00:00
2017-05-15,19.38,05:00:00
2017-05-15,20.11,06:00:00
2017-05-15,20.93,07:00:00
2017-05-15,21.78,08:00:00
2017-05-15,22.62,09:00:00
2017-05-15,23.40,10:00:00
2017-05-15,24.09,11:00:00
2017-05-15,24.65,12:00:00
2017-05-15,25.03,13:00:00
2017-05-15,25.18,14:00:00
2017-05-15,25.09,15:00:00
2017-05-15,24.75,16:00:00
2017-05-15,24.18,17:00:00
2017-05-15,23.44,18:00:00
2017-05-15,22.58,19:00:00
2017-05-15,21.69,20:00:00
2017-05-15,20.83,21:00:00
2017-05-15,20.04,22:00:00
2017-05-15,19.38,23:00:00
2017-05-16,18.96,00:00:00
2017-05-16,18.62,01:00:00
2017-05-16,18.47,02:00:00
2017-05-16,18.55,03:00:00
2017-05-16,18.85,04:00:00
2017-05-16,19.38,05:00:00
2017-05-16,20.10,06:00:00
2017-05-16,20.96,07:00:00
2017-05-16,21.88,08:00:00
2017-05-16,22.79,09:00:00
2017-05-16,23.60,10:00:00
2017-05-16,24.28,11:00:00
2017-05-16,24.78,12:00:00
2017-05-16,25.08,13:00:00
2017-05-16,25.19,14:00:00
2017-05-16,25.09,15:00:00
2017-05-16,24.79,16:00:00
2017-05-16,24.29,17:00:00
2017-05-16,23.61,18:00:00
2017-05-16,22.78,19:00:00
2017-05-16,21.87,20:00:00
2017-05-16,20.95,21:00:00
2017-05-16,20.10,22:00:00
2017-05-16,19.38,23:00:00
2017-05-17,18.96,00:00:00
2017-05-17,18.65,01:00:00
2017-05-17,18.58,02:00:00
2017-05-17,18.72,03:00:00
2017-05-17,19.05,04:00:00
2017-05-17,19.56,05:00:00
2017-05-17,20.23,06:00:00
2017-05-17,21.01,07:00:00
2017-05-17,21.88,08:00:00
2017-05-17,22.78,09:00:00
2017-05-17,23.64,10:00:00
2017-05-17,24.38,11:00:00
2017-05-17,24.95,12:00:00
2017-05-17,25.28,13:00:00
2017-05-17,25.37,14:00:00
2017-05-17,25.21,15:00:00
2017-05-17,24.84,16:00:00
2017-05-17,24.29,17:00:00
2017-05-17,23.60,18:00:00
2017-05-17,22.82,19:00:00
2017-05-17,21.98,20:00:00
2017-05-17,21.12,21:00:00
2017-05-17,20.30,22:00:00
2017-05-17,19.56,23:00:00
2017-05-18,19.07,00:00:00
2017-05-18,18.70,01:00:00
2017-05-18,18.58,02:00:00
2017-05-18,18.71,03:00:00
2017-05-18,19.09,04:00:00
2017-05-18,19.67,05:00:00
2017-05-18,20.39,06:00:00
2017-05-18,21.21,07:00:00
2017-05-18,22.06,08:00:00
2017-05-18,22.89,09:00:00
2017-05-18,23.68,10:00:00
2017-05-18,24.38,11:00:00
2017-05-18,24.94,12:00:00
2017-05-18,25.32,13:00:00
2017-05-18,25.47,14:00:00
2017-05-18,25.38,15:00:00
2017-05-18,25.03,16:00:00
2017-05-18,24.46,17:00:00
2017-05-18,23.71,18:00:00
2017-05-18,22.86,19:00:00
2017-05-18,21.98,20:00:00
2017-05-18,21.12,21:00:00
2017-05-18,20.34,22:00:00
2017-05-18,19.67,23:00:00
2017-05-19,19.24,00:00:00
2017-05-19,18.89,01:00:00
2017-05-19,18.74,02:00:00
2017-05-19,18.82,03:00:00
2017-05-19,19.12,04:00:00
2017-05-19,19.66,05:00:00
2017-05-19,20.38,06:00:00
2017-05-19,21.24,07:00:00
2017-05-19,22.16,08:00:00
2017-05-19,23.06,09:00:00
2017-05-19,23.87,10:00:00
2017-05-19,24.54,11:00:00
2017-05-19,25.04,12:00:00
2017-05-19,25.35,13:00:00
2017-05-19,25.46,14:00:00
2017-05-19,25.37,15:00:00
2017-05-19,25.07,16:00:00
2017-05-19,24.57,17:00:00
2017-05-19,23.88,18:00:00
2017-05-19,23.05,19:00:00
2017-05-19,22.14,20:00:00
2017-05-19,21.22,21:00:00
2017-05-19,20.37,22:00:00
2017-05-19,19.66,23:00:00
2017-05-20,19.22,00:00:00
2017-05-20,18.92,01:00:00
2017-05-20,18.84,02:00:00
2017-05-20,18.98,03:00:00
2017-05-20,19.31,04:00:00
2017-05-20,19.81,05:00:00
2017-05-20,20.48,06:00:00
2017-05-20,21.27,07:00:00
2017-05-20,22.14,08:00:00
2017-05-20,23.05,09:00:00
2017-05-20,23.90,10:00:00
2017-05-20,24.65,11:00:00
2017-05-20,25.20,12:00:00
2017-05-20,25.53,13:00:00
2017-05-20,25.62,14:00:00
2017-05-20,25.46,15:00:00
2017-05-20,25.09,16:00:00
2017-05-20,24.55,17:00:00
2017-05-20,23.87,18:00:00
2017-05-20,23.09,19:00:00
2017-05-20,22.24,20:00:00
2017-05-20,21.38,21:00:00
2017-05-20,20.55,22:00:00
2017-05-20,19.81,23:00:00
2017-05-21,19.30,00:00:00
2017-05-21,18.93,01:00:00
2017-05-21,18.81,02:00:00
2017-05-21,18.95,03:00:00
2017-05-21,19.33,04:00:00
2017-05-21,19.91,05:00:00
2017-05-21,20.63,06:00:00
2017-05-21,21.44,07:00:00
2017-05-21,22.28,08:00:00
2017-05-21,23.12,09:00:00
2017-05-21,23.91,10:00:00
2017-05-21,24.62,11:00:00
2017-05-21,25.18,12:00:00
2017-05-21,25.56,13:00:00
2017-05-21,25.71,14:00:00
2017-05-21,25.61,15:00:00
2017-05-21,25.26,16:00:00
2017-05-21,24.69,17:00:00
2017-05-21,23.94,18:00:00
2017-05-21,23.09,19:00:00
2017-05-21,22.21,20:00:00
2017-05-21,21.36,21:00:00
2017-05-21,20.58,22:00:00
2017-05-21,19.91,23:00:00
2017-05-22,19.45,00:00:00
2017-05-22,19.09,01:00:00
2017-05-22,18.94,02:00:00
2017-05-22,19.02,03:00:00
2017-05-22,19.33,04:00:00
2017-05-22,19.87,05:00:00
2017-05-22,20.60,06:00:00
2017-05-22,21.46,07:00:00
2017-05-22,22.38,08:00:00
2017-05-22,23.27,09:00:00
2017-05-22,24.08,10:00:00
2017-05-22,24.75,11:00:00
2017-05-22,25.24,12:00:00
2017-05-22,25.56,13:00:00
2017-05-22,25.67,14:00:00
2017-05-22,25.58,15:00:00
2017-05-22,25.29,16:00:00
2017-05-22,24.78,17:00:00
2017-05-22,24.09,18:00:00
2017-05-22,23.26,19:00:00
2017-05-22,22.34,20:00:00
2017-05-22,21.42,21:00:00
2017-05-22,20.57,22:00:00
2017-05-22,19.87,23:00:00
2017-05-23,19.41,00:00:00
2017-05-23,19.11,01:00:00
2017-05-23,19.03,02:00:00
2017-05-23,19.15,03:00:00
2017-05-23,19.48,04:00:00
2017-05-23,19.98,05:00:00
2017-05-23,20.65,06:00:00
2017-05-23,21.44,07:00:00
2017-05-23,22.32,08:00:00
2017-05-23,23.23,09:00:00
2017-05-23,24.09,10:00:00
2017-05-23,24.83,11:00:00
2017-05-23,25.38,12:00:00
2017-05-23,25.71,13:00:00
2017-05-23,25.79,14:00:00
2017-05-23,25.63,15:00:00
2017-05-23,25.27,16:00:00
2017-05-23,24.73,17:00:00
2017-05-23,24.05,18:00:00
2017-05-23,23.27,19:00:00
2017-05-23,22.43,20:00:00
2017-05-23,21.56,21:00:00
2017-05-23,20.72,22:00:00
2017-05-23,19.98,23:00:00
2017-05-24,19.44,00:00:00
2017-05-24,19.07,01:00:00
2017-05-24,18.96,02:00:00
2017-05-24,19.11,03:00:00
2017-05-24,19.49,04:00:00
2017-05-24,20.06,05:00:00
2017-05-24,20.78,06:00:00
2017-05-24,21.58,07:00:00
2017-05-24,22.42,08:00:00
2017-05-24,23.26,09:00:00
2017-05-24,24.06,10:00:00
2017-05-24,24.77,11:00:00
2017-05-24,25.33,12:00:00
2017-05-24,25.72,13:00:00
2017-05-24,25.87,14:00:00
2017-05-24,25.76,15:00:00
2017-05-24,25.40,16:00:00
2017-05-24,24.82,17:00:00
2017-05-24,24.08,18:00:00
2017-05-24,23.24,19:00:00
2017-05-24,22.36,20:00:00
2017-05-24,21.51,21:00:00
2017-05-24,20.73,22:00:00
2017-05-24,20.06,23:00:00
2017-05-25,19.55,00:00:00
2017-05-25,19.20,01:00:00
2017-05-25,19.04,02:00:00
2017-05-25,19.12,03:00:00
2017-05-25,19.44,04:00:00
2017-05-25,19.98,05:00:00
2017-05-25,20.72,06:00:00
2017-05-25,21.58,07:00:00
2017-05-25,22.49,08:00:00
2017-05-25,23.38,09:00:00
2017-05-25,24.18,10:00:00
2017-05-25,24.85,11:00:00
2017-05-25,25.35,12:00:00
2017-05-25,25.66,13:00:00
2017-05-25,25.79,14:00:00
2017-05-25,25.70,15:00:00
2017-05-25,25.40,16:00:00
2017-05-25,24.89,17:00:00
2017-05-25,24.20,18:00:00
2017-05-25,23.36,19:00:00
2017-05-25,22.44,20:00:00
2017-05-25,21.52,21:00:00
2017-05-25,20.68,22:00:00
2017-05-25,19.98,23:00:00
2017-05-26,19.48,00:00:00
2017-05-26,19.18,01:00:00
2017-05-26,19.10,02:00:00
2017-05-26,19.22,03:00:00
2017-05-26,19.54,04:00:00
2017-05-26,20.05,05:00:00
2017-05-26,20.71,06:00:00
2017-05-26,21.51,07:00:00
2017-05-26,22.40,08:00:00
2017-05-26,23.31,09:00:00
2017-05-26,24.17,10:00:00
2017-05-26,24.91,11:00:00
2017-05-26,25.45,12:00:00
2017-05-26,25.77,13:00:00
2017-05-26,25.85,14:00:00
2017-05-26,25.69,15:00:00
2017-05-26,25.33,16:00:00
2017-05-26,24.80,17:00:00
2017-05-26,24.13,18:00:00
2017-05-26,23.35,19:00:00
2017-05-26,22.50,20:00:00
2017-05-26,21.63,21:00:00
2017-05-26,20.79,22:00:00
2017-05-26,20.04,23:00:00
2017-05-27,19.46,00:00:00
2017-05-27,19.10,01:00:00
2017-05-27,19.00,02:00:00
2017-05-27,19.14,03:00:00
2017-05-27,19.52,04:00:00
2017-05-27,20.09,05:00:00
2017-05-27,20.80,06:00:00
2017-05-27,21.60,07:00:00
2017-05-27,22.44,08:00:00
2017-05-27,23.29,09:00:00
2017-05-27,24.09,10:00:00
2017-05-27,24.80,11:00:00
2017-05-27,25.37,12:00:00
2017-05-27,25.75,13:00:00
2017-05-27,25.90,14:00:00
2017-05-27,25.79,15:00:00
2017-05-27,25.43,16:00:00
2017-05-27,24.85,17:00:00
2017-05-27,24.10,18:00:00
2017-05-27,23.27,19:00:00
2017-05-27,22.40,20:00:00
2017-05-27,21.55,21:00:00
2017-05-27,20.77,22:00:00
2017-05-27,20.10,23:00:00
2017-05-28,19.54,00:00:00
2017-05-28,19.18,01:00:00
2017-05-28,19.02,02:00:00
2017-05-28,19.10,03:00:00
2017-05-28,19.42,04:00:00
2017-05-28,19.98,05:00:00
2017-05-28,20.71,06:00:00
2017-05-28,21.57,07:00:00
2017-05-28,22.48,08:00:00
2017-05-28,23.37,09:00:00
2017-05-28,24.16,10:00:00
2017-05-28,24.83,11:00:00
2017-05-28,25.33,12:00:00
2017-05-28,25.65,13:00:00
2017-05-28,25.78,14:00:00
2017-05-28,25.70,15:00:00
2017-05-28,25.40,16:00:00
2017-05-28,24.89,17:00:00
2017-05-28,24.19,18:00:00
2017-05-28,23.34,19:00:00
2017-05-28,22.42,20:00:00
2017-05-28,21.51,21:00:00
2017-05-28,20.67,22:00:00
2017-05-28,19.98,23:00:00
2017-05-29,19.44,00:00:00
2017-05-29,19.14,01:00:00
2017-05-29,19.05,02:00:00
2017-05-29,19.17,03:00:00
2017-05-29,19.49,04:00:00
2017-05-29,19.99,05:00:00
2017-05-29,20.65,06:00:00
2017-05-29,21.46,07:00:00
2017-05-29,22.35,08:00:00
2017-05-29,23.27,09:00:00
2017-05-29,24.13,10:00:00
2017-05-29,24.86,11:00:00
2017-05-29,25.40,12:00:00
2017-05-29,25.71,13:00:00
2017-05-29,25.79,14:00:00
2017-05-29,25.64,15:00:00
2017-05-29,25.28,16:00:00
2017-05-29,24.76,17:00:00
2017-05-29,24.09,18:00:00
2017-05-29,23.31,19:00:00
2017-05-29,22.45,20:00:00
2017-05-29,21.58,21:00:00
2017-05-29,20.73,22:00:00
2017-05-29,19.99,23:00:00
2017-05-30,19.37,00:00:00
2017-05-30,19.01,01:00:00
2017-05-30,18.91,02:00:00
2017-05-30,19.06,03:00:00
2017-05-30,19.44,04:00:00
2017-05-30,20.01,05:00:00
2017-05-30,20.71,06:00:00
2017-05-30,21.51,07:00:00
2017-05-30,22.35,08:00:00
2017-05-30,23.19,09:00:00
2017-05-30,24.00,10:00:00
2017-05-30,24.71,11:00:00
2017-05-30,25.29,12:00:00
2017-05-30,25.67,13:00:00
2017-05-30,25.81,14:00:00
2017-05-30,25.70,15:00:00
2017-05-30,25.33,16:00:00
2017-05-30,24.75,17:00:00
2017-05-30,24.01,18:00:00
2017-05-30,23.18,19:00:00
2017-05-30,22.31,20:00:00
2017-05-30,21.47,21:00:00
2017-05-30,20.69,22:00:00
2017-05-30,20.01,23:00:00
2017-05-31,19.41,00:00:00
2017-05-31,19.05,01:00:00
2017-05-31,18.89,02:00:00
2017-05-31,18.97,03:00:00
2017-05-31,19.30,04:00:00
2017-05-31,19.85,05:00:00
2017-05-31,20.59,06:00:00
2017-05-31,21.45,07:00:00
2017-05-31,22.36,08:00:00
2017-05-31,23.24,09:00:00
2017-05-31,24.03,10:00:00
2017-05-31,24.69,11:00:00
2017-05-31,25.20,12:00:00
2017-05-31,25.53,13:00:00
2017-05-31,25.66,14:00:00
2017-05-31,25.58,15:00:00
2017-05-31,25.28,16:00:00
2017-05-31,24.76,17:00:00
2017-05-31,24.06,18:00:00
2017-05-31,23.21,19:00:00
2017-05-31,22.29,20:00:00
2017-05-31,21.37,21:00:00
2017-05-31,20.54,22:00:00
2017-05-31,19.85,23:00:00
2017-06-01,19.29,00:00:00
2017-06-01,18.99,01:00:00
2017-06-01,18.89,02:00:00
2017-06-01,19.01,03:00:00
2017-06-01,19.32,04:00:00
2017-06-01,19.82,05:00:00
2017-06-01,20.49,06:00:00
2017-06-01,21.30,07:00:00
2017-06-01,22.19,08:00:00
2017-06-01,23.11,09:00:00
2017-06-01,23.97,10:00:00
2017-06-01,24.70,11:00:00
2017-06-01,25.23,12:00:00
2017-06-01,25.55,13:00:00
2017-06-01,25.62,14:00:00
2017-06-01,25.47,15:00:00
2017-06-01,25.12,16:00:00
2017-06-01,24.60,17:00:00
2017-06-01,23.93,18:00:00
2017-06-01,23.15,19:00:00
2017-06-01,22.29,20:00:00
2017-06-01,21.41,21:00:00
2017-06-01,20.56,22:00:00
2017-06-01,19.81,23:00:00
2017-06-02,19.17,00:00:00
2017-06-02,18.82,01:00:00
2017-06-02,18.72,02:00:00
2017-06-02,18.87,03:00:00
2017-06-02,19.25,04:00:00
2017-06-02,19.82,05:00:00
2017-06-02,20.51,06:00:00
2017-06-02,21.30,07:00:00
2017-06-02,22.14,08:00:00
2017-06-02,22.99,09:00:00
2017-06-02,23.80,10:00:00
2017-06-02,24.53,11:00:00
2017-06-02,25.10,12:00:00
2017-06-02,25.48,13:00:00
2017-06-02,25.62,14:00:00
2017-06-02,25.50,15:00:00
2017-06-02,25.13,16:00:00
2017-06-02,24.55,17:00:00
2017-06-02,23.81,18:00:00
2017-06-02,22.98,19:00:00
2017-06-02,22.12,20:00:00
2017-06-02,21.28,21:00:00
2017-06-02,20.50,22:00:00
2017-06-02,19.82,23:00:00
2017-06-03,19.19,00:00:00
2017-06-03,18.82,01:00:00
2017-06-03,18.66,02:00:00
2017-06-03,18.74,03:00:00
2017-06-03,19.08,04:00:00
2017-06-03,19.64,05:00:00
2017-06-03,20.38,06:00:00
2017-06-03,21.24,07:00:00
2017-06-03,22.14,08:00:00
2017-06-03,23.01,09:00:00
2017-06-03,23.80,10:00:00
2017-06-03,24.46,11:00:00
2017-06-03,24.97,12:00:00
2017-06-03,25.30,13:00:00
2017-06-03,25.44,14:00:00
2017-06-03,25.36,15:00:00
2017-06-03,25.06,16:00:00
2017-06-03,24.54,17:00:00
2017-06-03,23.83,18:00:00
2017-06-03,22.98,19:00:00
2017-06-03,22.06,20:00:00
2017-06-03,21.15,21:00:00
2017-06-03,20.32,22:00:00
2017-06-03,19.64,23:00:00
2017-06-04,19.05,00:00:00
2017-06-04,18.75,01:00:00
2017-06-04,18.65,02:00:00
2017-06-04,18.76,03:00:00
2017-06-04,19.06,04:00:00
2017-06-04,19.56,05:00:00
2017-06-04,20.24,06:00:00
2017-06-04,21.05,07:00:00
2017-06-04,21.95,08:00:00
2017-06-04,22.87,09:00:00
2017-06-04,23.73,10:00:00
2017-06-04,24.45,11:00:00
2017-06-04,24.98,12:00:00
2017-06-04,25.29,13:00:00
2017-06-04,25.37,14:00:00
2017-06-04,25.22,15:00:00
2017-06-04,24.88,16:00:00
2017-06-04,24.36,17:00:00
2017-06-04,23.69,18:00:00
2017-06-04,22.91,19:00:00
2017-06-04,22.05,20:00:00
2017-06-04,21.16,21:00:00
2017-06-04,20.31,22:00:00
2017-06-04,19.56,23:00:00
2017-06-05,18.90,00:00:00
2017-06-05,18.55,01:00:00
2017-06-05,18.46,02:00:00
2017-06-05,18.62,03:00:00
2017-06-05,18.99,04:00:00
2017-06-05,19.55,05:00:00
2017-06-05,20.24,06:00:00
2017-06-05,21.03,07:00:00
2017-06-05,21.87,08:00:00
2017-06-05,22.72,09:00:00
2017-06-05,23.54,10:00:00
2017-06-05,24.27,11:00:00
2017-06-05,24.85,12:00:00
2017-06-05,25.22,13:00:00
2017-06-05,25.36,14:00:00
2017-06-05,25.23,15:00:00
2017-06-05,24.85,16:00:00
2017-06-05,24.27,17:00:00
2017-06-05,23.54,18:00:00
2017-06-05,22.72,19:00:00
2017-06-05,21.86,20:00:00
2017-06-05,21.02,21:00:00
2017-06-05,20.24,22:00:00
2017-06-05,19.55,23:00:00
2017-06-06,18.90,00:00:00
2017-06-06,18.53,01:00:00
2017-06-06,18.37,02:00:00
2017-06-06,18.46,03:00:00
2017-06-06,18.80,04:00:00
2017-06-06,19.36,05:00:00
2017-06-06,20.11,06:00:00
2017-06-06,20.96,07:00:00
2017-06-06,21.86,08:00:00
2017-06-06,22.73,09:00:00
2017-06-06,23.51,10:00:00
2017-06-06,24.17,11:00:00
2017-06-06,24.69,12:00:00
2017-06-06,25.03,13:00:00
2017-06-06,25.17,14:00:00
2017-06-06,25.09,15:00:00
2017-06-06,24.79,16:00:00
2017-06-06,24.26,17:00:00
2017-06-06,23.55,18:00:00
2017-06-06,22.69,19:00:00
2017-06-06,21.77,20:00:00
2017-06-06,20.86,21:00:00
2017-06-06,20.04,22:00:00
2017-06-06,19.36,23:00:00
2017-06-07,18.77,00:00:00
2017-06-07,18.46,01:00:00
2017-06-07,18.36,02:00:00
2017-06-07,18.46,03:00:00
2017-06-07,18.77,04:00:00
2017-06-07,19.27,05:00:00
2017-06-07,19.94,06:00:00
2017-06-07,20.76,07:00:00
2017-06-07,21.67,08:00:00
2017-06-07,22.59,09:00:00
2017-06-07,23.45,10:00:00
2017-06-07,24.17,11:00:00
2017-06-07,24.69,12:00:00
2017-06-07,24.99,13:00:00
2017-06-07,25.07,14:00:00
2017-06-07,24.93,15:00:00
2017-06-07,24.59,16:00:00
2017-06-07,24.08,17:00:00
2017-06-07,23.41,18:00:00
2017-06-07,22.63,19:00:00
2017-06-07,21.76,20:00:00
2017-06-07,20.87,21:00:00
2017-06-07,20.01,22:00:00
2017-06-07,19.27,23:00:00
2017-06-08,18.60,00:00:00
2017-06-08,18.26,01:00:00
2017-06-08,18.18,02:00:00
2017-06-08,18.33,03:00:00
2017-06-08,18.71,04:00:00
2017-06-08,19.26,05:00:00
2017-06-08,19.95,06:00:00
2017-06-08,20.73,07:00:00
2017-06-08,21.57,08:00:00
2017-06-08,22.43,09:00:00
2017-06-08,23.25,10:00:00
2017-06-08,23.98,11:00:00
2017-06-08,24.56,12:00:00
2017-06-08,24.94,13:00:00
2017-06-08,25.06,14:00:00
2017-06-08,24.93,15:00:00
2017-06-08,24.56,16:00:00
2017-06-08,23.97,17:00:00
2017-06-08,23.25,18:00:00
2017-06-08,22.43,19:00:00
2017-06-08,21.58,20:00:00
2017-06-08,20.74,21:00:00
2017-06-08,19.95,22:00:00
2017-06-08,19.26,23:00:00
2017-06-09,18.61,00:00:00
2017-06-09,18.23,01:00:00
2017-06-09,18.08,02:00:00
2017-06-09,18.17,03:00:00
2017-06-09,18.51,04:00:00
2017-06-09,19.08,05:00:00
2017-06-09,19.83,06:00:00
2017-06-09,20.68,07:00:00
2017-06-09,21.57,08:00:00
2017-06-09,22.43,09:00:00
2017-06-09,23.21,10:00:00
2017-06-09,23.88,11:00:00
2017-06-09,24.40,12:00:00
2017-06-09,24.74,13:00:00
2017-06-09,24.89,14:00:00
2017-06-09,24.81,15:00:00
2017-06-09,24.51,16:00:00
2017-06-09,23.97,17:00:00
2017-06-09,23.25,18:00:00
2017-06-09,22.39,19:00:00
2017-06-09,21.47,20:00:00
2017-06-09,20.57,21:00:00
2017-06-09,19.76,22:00:00
2017-06-09,19.08,23:00:00
2017-06-10,18.49,00:00:00
2017-06-10,18.19,01:00:00
2017-06-10,18.08,02:00:00
2017-06-10,18.18,03:00:00
2017-06-10,18.48,04:00:00
2017-06-10,18.98,05:00:00
2017-06-10,19.66,06:00:00
2017-06-10,20.49,07:00:00
2017-06-10,21.40,08:00:00
2017-06-10,22.32,09:00:00
2017-06-10,23.17,10:00:00
2017-06-10,23.88,11:00:00
2017-06-10,24.41,12:00:00
2017-06-10,24.71,13:00:00
2017-06-10,24.78,14:00:00
2017-06-10,24.65,15:00:00
2017-06-10,24.31,16:00:00
2017-06-10,23.80,17:00:00
2017-06-10,23.14,18:00:00
2017-06-10,22.35,19:00:00
2017-06-10,21.48,20:00:00
2017-06-10,20.58,21:00:00
2017-06-10,19.72,22:00:00
2017-06-10,18.98,23:00:00
2017-06-11,18.33,00:00:00
2017-06-11,18.00,01:00:00
2017-06-11,17.92,02:00:00
2017-06-11,18.08,03:00:00
2017-06-11,18.45,04:00:00
2017-06-11,18.99,05:00:00
2017-06-11,19.68,06:00:00
2017-06-11,20.46,07:00:00
2017-06-11,21.30,08:00:00
2017-06-11,22.16,09:00:00
2017-06-11,22.99,10:00:00
2017-06-11,23.72,11:00:00
2017-06-11,24.30,12:00:00
2017-06-11,24.68,13:00:00
2017-06-11,24.80,14:00:00
2017-06-11,24.66,15:00:00
2017-06-11,24.28,16:00:00
2017-06-11,23.70,17:00:00
2017-06-11,22.98,18:00:00
2017-06-11,22.17,19:00:00
2017-06-11,21.32,20:00:00
2017-06-11,20.48,21:00:00
2017-06-11,19.69,22:00:00
2017-06-11,18.99,23:00:00
2017-06-12,18.36,00:00:00
2017-06-12,17.98,01:00:00
2017-06-12,17.82,02:00:00
2017-06-12,17.92,03:00:00
2017-06-12,18.27,04:00:00
2017-06-12,18.84,05:00:00
2017-06-12,19.59,06:00:00
2017-06-12,20.44,07:00:00
2017-06-12,21.32,08:00:00
2017-06-12,22.18,09:00:00
2017-06-12,22.96,10:00:00
2017-06-12,23.63,11:00:00
2017-06-12,24.15,12:00:00
2017-06-12,24.50,13:00:00
2017-06-12,24.65,14:00:00
2017-06-12,24.57,15:00:00
2017-06-12,24.26,16:00:00
2017-06-12,23.73,17:00:00
2017-06-12,23.00,18:00:00
2017-06-12,22.14,19:00:00
2017-06-12,21.22,20:00:00
2017-06-12,20.32,21:00:00
2017-06-12,19.51,22:00:00
2017-06-12,18.84,23:00:00
2017-06-13,18.28,00:00:00
2017-06-13,17.97,01:00:00
2017-06-13,17.86,02:00:00
2017-06-13,17.95,03:00:00
2017-06-13,18.25,04:00:00
2017-06-13,18.75,05:00:00
2017-06-13,19.44,06:00:00
2017-06-13,20.27,07:00:00
2017-06-13,21.18,08:00:00
2017-06-13,22.10,09:00:00
2017-06-13,22.95,10:00:00
2017-06-13,23.66,11:00:00
2017-06-13,24.18,12:00:00
2017-06-13,24.48,13:00:00
2017-06-13,24.55,14:00:00
2017-06-13,24.42,15:00:00
2017-06-13,24.09,16:00:00
2017-06-13,23.59,17:00:00
2017-06-13,22.93,18:00:00
2017-06-13,22.13,19:00:00
2017-06-13,21.26,20:00:00
2017-06-13,20.35,21:00:00
2017-06-13,19.49,22:00:00
2017-06-13,18.75,23:00:00
2017-06-14,18.14,00:00:00
2017-06-14,17.81,01:00:00
2017-06-14,17.73,02:00:00
2017-06-14,17.89,03:00:00
2017-06-14,18.25,04:00:00
2017-06-14,18.80,05:00:00
2017-06-14,19.48,06:00:00
2017-06-14,20.25,07:00:00
2017-06-14,21.10,08:00:00
2017-06-14,21.96,09:00:00
2017-06-14,22.80,10:00:00
2017-06-14,23.54,11:00:00
2017-06-14,24.12,12:00:00
2017-06-14,24.48,13:00:00
2017-06-14,24.60,14:00:00
2017-06-14,24.46,15:00:00
2017-06-14,24.08,16:00:00
2017-06-14,23.50,17:00:00
2017-06-14,22.78,18:00:00
2017-06-14,21.98,19:00:00
2017-06-14,21.13,20:00:00
2017-06-14,20.29,21:00:00
2017-06-14,19.50,22:00:00
2017-06-14,18.80,23:00:00
2017-06-15,18.19,00:00:00
2017-06-15,17.81,01:00:00
2017-06-15,17.65,02:00:00
2017-06-15,17.76,03:00:00
2017-06-15,18.11,04:00:00
2017-06-15,18.69,05:00:00
2017-06-15,19.43,06:00:00
2017-06-15,20.28,07:00:00
2017-06-15,21.16,08:00:00
2017-06-15,22.01,09:00:00
2017-06-15,22.79,10:00:00
2017-06-15,23.46,11:00:00
2017-06-15,23.99,12:00:00
2017-06-15,24.34,13:00:00
2017-06-15,24.49,14:00:00
2017-06-15,24.42,15:00:00
2017-06-15,24.10,16:00:00
2017-06-15,23.56,17:00:00
2017-06-15,22.83,18:00:00
2017-06-15,21.97,19:00:00
2017-06-15,21.05,20:00:00
2017-06-15,20.16,21:00:00
2017-06-15,19.36,22:00:00
2017-06-15,18.69,23:00:00
2017-06-16,18.16,00:00:00
2017-06-16,17.84,01:00:00
2017-06-16,17.73,02:00:00
2017-06-16,17.81,03:00:00
2017-06-16,18.11,04:00:00
2017-06-16,18.62,05:00:00
2017-06-16,19.31,06:00:00
2017-06-16,20.15,07:00:00
2017-06-16,21.06,08:00:00
2017-06-16,21.98,09:00:00
2017-06-16,22.83,10:00:00
2017-06-16,23.53,11:00:00
2017-06-16,24.04,12:00:00
2017-06-16,24.34,13:00:00
2017-06-16,24.42,14:00:00
2017-06-16,24.30,15:00:00
2017-06-16,23.97,16:00:00
2017-06-16,23.47,17:00:00
2017-06-16,22.81,18:00:00
2017-06-16,22.01,19:00:00
2017-06-16,21.13,20:00:00
2017-06-16,20.22,21:00:00
2017-06-16,19.36,22:00:00
2017-06-16,18.62,23:00:00
2017-06-17,18.05,00:00:00
2017-06-17,17.73,01:00:00
2017-06-17,17.65,02:00:00
2017-06-17,17.80,03:00:00
2017-06-17,18.17,04:00:00
2017-06-17,18.70,05:00:00
2017-06-17,19.38,06:00:00
2017-06-17,20.16,07:00:00
2017-06-17,21.00,08:00:00
2017-06-17,21.87,09:00:00
2017-06-17,22.71,10:00:00
2017-06-17,23.45,11:00:00
2017-06-17,24.03,12:00:00
2017-06-17,24.40,13:00:00
2017-06-17,24.51,14:00:00
2017-06-17,24.36,15:00:00
2017-06-17,23.98,16:00:00
2017-06-17,23.41,17:00:00
2017-06-17,22.69,18:00:00
2017-06-17,21.89,19:00:00
2017-06-17,21.05,20:00:00
2017-06-17,20.21,21:00:00
2017-06-17,19.41,22:00:00
2017-06-17,18.70,23:00:00
2017-06-18,18.13,00:00:00
2017-06-18,17.75,01:00:00
2017-06-18,17.60,02:00:00
2017-06-18,17.71,03:00:00
2017-06-18,18.07,04:00:00
2017-06-18,18.64,05:00:00
2017-06-18,19.39,06:00:00
2017-06-18,20.23,07:00:00
2017-06-18,21.10,08:00:00
2017-06-18,21.95,09:00:00
2017-06-18,22.73,10:00:00
2017-06-18,23.40,11:00:00
2017-06-18,23.94,12:00:00
2017-06-18,24.30,13:00:00
2017-06-18,24.45,14:00:00
2017-06-18,24.37,15:00:00
2017-06-18,24.05,16:00:00
2017-06-18,23.51,17:00:00
2017-06-18,22.77,18:00:00
2017-06-18,21.91,19:00:00
2017-06-18,21.00,20:00:00
2017-06-18,20.11,21:00:00
2017-06-18,19.31,22:00:00
2017-06-18,18.65,23:00:00
2017-06-19,18.16,00:00:00
2017-06-19,17.84,01:00:00
2017-06-19,17.71,02:00:00
2017-06-19,17.80,03:00:00
2017-06-19,18.09,04:00:00
2017-06-19,18.60,05:00:00
2017-06-19,19.30,06:00:00
2017-06-19,20.14,07:00:00
2017-06-19,21.06,08:00:00
2017-06-19,21.98,09:00:00
2017-06-19,22.82,10:00:00
2017-06-19,23.52,11:00:00
2017-06-19,24.02,12:00:00
2017-06-19,24.32,13:00:00
2017-06-19,24.41,14:00:00
2017-06-19,24.29,15:00:00
2017-06-19,23.97,16:00:00
2017-06-19,23.47,17:00:00
2017-06-19,22.80,18:00:00
2017-06-19,22.00,19:00:00
2017-06-19,21.11,20:00:00
2017-06-19,20.20,21:00:00
2017-06-19,19.34,22:00:00
2017-06-19,18.60,23:00:00
2017-06-20,18.08,00:00:00
2017-06-20,17.76,01:00:00
2017-06-20,17.69,02:00:00
2017-06-20,17.84,03:00:00
2017-06-20,18.20,04:00:00
2017-06-20,18.73,05:00:00
2017-06-20,19.40,06:00:00
2017-06-20,20.18,07:00:00
2017-06-20,21.03,08:00:00
2017-06-20,21.91,09:00:00
2017-06-20,22.75,10:00:00
2017-06-20,23.49,11:00:00
2017-06-20,24.07,12:00:00
2017-06-20,24.43,13:00:00
2017-06-20,24.53,14:00:00
2017-06-20,24.38,15:00:00
2017-06-20,24.00,16:00:00
2017-06-20,23.43,17:00:00
2017-06-20,22.73,18:00:00
2017-06-20,21.93,19:00:00
2017-06-20,21.09,20:00:00
2017-06-20,20.25,21:00:00
2017-06-20,19.44,22:00:00
2017-06-20,18.73,23:00:00
2017-06-21,18.19,00:00:00
2017-06-21,17.81,01:00:00
2017-06-21,17.67,02:00:00
2017-06-21,17.78,03:00:00
2017-06-21,18.14,04:00:00
2017-06-21,18.72,05:00:00
2017-06-21,19.46,06:00:00
2017-06-21,20.30,07:00:00
2017-06-21,21.17,08:00:00
2017-06-21,22.01,09:00:00
2017-06-21,22.79,10:00:00
2017-06-21,23.47,11:00:00
2017-06-21,24.01,12:00:00
2017-06-21,24.37,13:00:00
2017-06-21,24.53,14:00:00
2017-06-21,24.45,15:00:00
2017-06-21,24.13,16:00:00
2017-06-21,23.57,17:00:00
2017-06-21,22.83,18:00:00
2017-06-21,21.97,19:00:00
2017-06-21,21.07,20:00:00
2017-06-21,20.18,21:00:00
2017-06-21,19.39,22:00:00
2017-06-21,18.73,23:00:00
2017-06-22,18.27,00:00:00
2017-06-22,17.95,01:00:00
2017-06-22,17.82,02:00:00
2017-06-22,17.90,03:00:00
2017-06-22,18.20,04:00:00
2017-06-22,18.71,05:00:00
2017-06-22,19.41,06:00:00
2017-06-22,20.26,07:00:00
2017-06-22,21.18,08:00:00
2017-06-22,22.10,09:00:00
2017-06-22,22.93,10:00:00
2017-06-22,23.62,11:00:00
2017-06-22,24.13,12:00:00
2017-06-22,24.42,13:00:00
2017-06-22,24.51,14:00:00
2017-06-22,24.40,15:00:00
2017-06-22,24.08,16:00:00
2017-06-22,23.58,17:00:00
2017-06-22,22.92,18:00:00
2017-06-22,22.11,19:00:00
2017-06-22,21.22,20:00:00
2017-06-22,20.30,21:00:00
2017-06-22,19.44,22:00:00
2017-06-22,18.71,23:00:00
2017-06-23,18.23,00:00:00
2017-06-23,17.92,01:00:00
2017-06-23,17.84,02:00:00
2017-06-23,17.99,03:00:00
2017-06-23,18.35,04:00:00
2017-06-23,18.87,05:00:00
2017-06-23,19.54,06:00:00
2017-06-23,20.32,07:00:00
2017-06-23,21.17,08:00:00
2017-06-23,22.05,09:00:00
2017-06-23,22.90,10:00:00
2017-06-23,23.65,11:00:00
2017-06-23,24.22,12:00:00
2017-06-23,24.57,13:00:00
2017-06-23,24.67,14:00:00
2017-06-23,24.52,15:00:00
2017-06-23,24.14,16:00:00
2017-06-23,23.58,17:00:00
2017-06-23,22.87,18:00:00
2017-06-23,22.08,19:00:00
2017-06-23,21.24,20:00:00
2017-06-23,20.40,21:00:00
2017-06-23,19.59,22:00:00
2017-06-23,18.87,23:00:00
2017-06-24,18.36,00:00:00
2017-06-24,17.98,01:00:00
2017-06-24,17.84,02:00:00
2017-06-24,17.96,03:00:00
2017-06-24,18.33,04:00:00
2017-06-24,18.91,05:00:00
2017-06-24,19.65,06:00:00
2017-06-24,20.48,07:00:00
2017-06-24,21.34,08:00:00
2017-06-24,22.19,09:00:00
2017-06-24,22.97,10:00:00
2017-06-24,23.65,11:00:00
2017-06-24,24.19,12:00:00
2017-06-24,24.56,13:00:00
2017-06-24,24.72,14:00:00
2017-06-24,24.63,15:00:00
2017-06-24,24.30,16:00:00
2017-06-24,23.75,17:00:00
2017-06-24,23.00,18:00:00
2017-06-24,22.15,19:00:00
2017-06-24,21.24,20:00:00
2017-06-24,20.37,21:00:00
2017-06-24,19.58,22:00:00
2017-06-24,18.91,23:00:00
2017-06-25,18.48,00:00:00
2017-06-25,18.15,01:00:00
2017-06-25,18.02,02:00:00
2017-06-25,18.10,03:00:00
2017-06-25,18.40,04:00:00
2017-06-25,18.92,05:00:00
2017-06-25,19.63,06:00:00
2017-06-25,20.48,07:00:00
2017-06-25,21.40,08:00:00
2017-06-25,22.31,09:00:00
2017-06-25,23.14,10:00:00
2017-06-25,23.82,11:00:00
2017-06-25,24.33,12:00:00
2017-06-25,24.63,13:00:00
2017-06-25,24.72,14:00:00
2017-06-25,24.61,15:00:00
2017-06-25,24.30,16:00:00
2017-06-25,23.80,17:00:00
2017-06-25,23.13,18:00:00
2017-06-25,22.32,19:00:00
2017-06-25,21.42,20:00:00
2017-06-25,20.50,21:00:00
2017-06-25,19.64,22:00:00
2017-06-25,18.92,23:00:00
2017-06-26,18.47,00:00:00
2017-06-26,18.16,01:00:00
2017-06-26,18.08,02:00:00
2017-06-26,18.23,03:00:00
2017-06-26,18.58,04:00:00
2017-06-26,19.10,05:00:00
2017-06-26,19.77,06:00:00
2017-06-26,20.55,07:00:00
2017-06-26,21.41,08:00:00
2017-06-26,22.29,09:00:00
2017-06-26,23.14,10:00:00
2017-06-26,23.89,11:00:00
2017-06-26,24.46,12:00:00
2017-06-26,24.81,13:00:00
2017-06-26,24.90,14:00:00
2017-06-26,24.75,15:00:00
2017-06-26,24.37,16:00:00
2017-06-26,23.81,17:00:00
2017-06-26,23.11,18:00:00
2017-06-26,22.33,19:00:00
2017-06-26,21.49,20:00:00
2017-06-26,20.64,21:00:00
2017-06-26,19.82,22:00:00
2017-06-26,19.10,23:00:00
2017-06-27,18.61,00:00:00
2017-06-27,18.23,01:00:00
2017-06-27,18.10,02:00:00
2017-06-27,18.22,03:00:00
2017-06-27,18.59,04:00:00
2017-06-27,19.18,05:00:00
2017-06-27,19.91,06:00:00
2017-06-27,20.74,07:00:00
2017-06-27,21.59,08:00:00
2017-06-27,22.43,09:00:00
2017-06-27,23.22,10:00:00
2017-06-27,23.90,11:00:00
2017-06-27,24.45,12:00:00
2017-06-27,24.82,13:00:00
2017-06-27,24.98,14:00:00
2017-06-27,24.89,15:00:00
2017-06-27,24.56,16:00:00
2017-06-27,24.00,17:00:00
2017-06-27,23.25,18:00:00
2017-06-27,22.40,19:00:00
2017-06-27,21.50,20:00:00
2017-06-27,20.63,21:00:00
2017-06-27,19.84,22:00:00
2017-06-27,19.18,23:00:00
2017-06-28,18.76,00:00:00
2017-06-28,18.43,01:00:00
2017-06-28,18.29,02:00:00
2017-06-28,18.36,03:00:00
2017-06-28,18.67,04:00:00
2017-06-28,19.19,05:00:00
2017-06-28,19.90,06:00:00
2017-06-28,20.76,07:00:00
2017-06-28,21.68,08:00:00
2017-06-28,22.59,09:00:00
2017-06-28,23.41,10:00:00
2017-06-28,24.09,11:00:00
2017-06-28,24.59,12:00:00
2017-06-28,24.89,13:00:00
2017-06-28,24.99,14:00:00
2017-06-28,24.89,15:00:00
2017-06-28,24.58,16:00:00
2017-06-28,24.08,17:00:00
2017-06-28,23.41,18:00:00
2017-06-28,22.59,19:00:00
2017-06-28,21.69,20:00:00
2017-06-28,20.77,21:00:00
2017-06-28,19.91,22:00:00
2017-06-28,19.19,23:00:00
2017-06-29,18.76,00:00:00
2017-06-29,18.45,01:00:00
2017-06-29,18.38,02:00:00
2017-06-29,18.52,03:00:00
2017-06-29,18.86,04:00:00
2017-06-29,19.38,05:00:00
2017-06-29,20.04,06:00:00
2017-06-29,20.83,07:00:00
2017-06-29,21.69,08:00:00
2017-06-29,22.58,09:00:00
2017-06-29,23.44,10:00:00
2017-06-29,24.18,11:00:00
2017-06-29,24.75,12:00:00
2017-06-29,25.09,13:00:00
2017-06-29,25.18,14:00:00
2017-06-29,25.03,15:00:00
2017-06-29,24.65,16:00:00
2017-06-29,24.09,17:00:00
2017-06-29,23.40,18:00:00
2017-06-29,22.62,19:00:00
2017-06-29,21.78,20:00:00
2017-06-29,20.93,21:00:00
2017-06-29,20.11,22:00:00
2017-06-29,19.38,23:00:00
2017-06-30,18.89,00:00:00
2017-06-30,18.52,01:00:00
2017-06-30,18.39,02:00:00
2017-06-30,18.52,03:00:00
2017-06-30,18.89,04:00:00
2017-06-30,19.47,05:00:00
2017-06-30,20.20,06:00:00
2017-06-30,21.02,07:00:00
2017-06-30,21.88,08:00:00
2017-06-30,22.72,09:00:00
2017-06-30,23.50,10:00:00
2017-06-30,24.19,11:00:00
2017-06-30,24.75,12:00:00
2017-06-30,25.12,13:00:00
2017-06-30,25.28,14:00:00
2017-06-30,25.19,15:00:00
2017-06-30,24.85,16:00:00
2017-06-30,24.28,17:00:00
2017-06-30,23.54,18:00:00
2017-06-30,22.68,19:00:00
2017-06-30,21.79,20:00:00
2017-06-30,20.92,21:00:00
2017-06-30,20.14,22:00:00
2017-06-30,19.47,23:00:00
2017-07-01,19.06,00:00:00
2017-07-01,18.71,01:00:00
2017-07-01,18.57,02:00:00
2017-07-01,18.65,03:00:00
2017-07-01,18.95,04:00:00
2017-07-01,19.48,05:00:00
2017-07-01,20.20,06:00:00
2017-07-01,21.05,07:00:00
2017-07-01,21.97,08:00:00
2017-07-01,22.88,09:00:00
2017-07-01,23.70,10:00:00
2017-07-01,24.37,11:00:00
2017-07-01,24.87,12:00:00
2017-07-01,25.18,13:00:00
2017-07-01,25.28,14:00:00
2017-07-01,25.18,15:00:00
2017-07-01,24.88,16:00:00
2017-07-01,24.38,17:00:00
2017-07-01,23.70,18:00:00
2017-07-01,22.88,19:00:00
2017-07-01,21.97,20:00:00
2017-07-01,21.05,21:00:00
2017-07-01,20.19,22:00:00
2017-07-01,19.48,23:00:00
2017-07-02,19.05,00:00:00
2017-07-02,18.74,01:00:00
2017-07-02,18.67,02:00:00
2017-07-02,18.81,03:00:00
2017-07-02,19.14,04:00:00
2017-07-02,19.66,05:00:00
2017-07-02,20.32,06:00:00
2017-07-02,21.11,07:00:00
2017-07-02,21.97,08:00:00
2017-07-02,22.87,09:00:00
2017-07-02,23.73,10:00:00
2017-07-02,24.47,11:00:00
2017-07-02,25.04,12:00:00
2017-07-02,25.37,13:00:00
2017-07-02,25.46,14:00:00
2017-07-02,25.30,15:00:00
2017-07-02,24.93,16:00:00
2017-07-02,24.38,17:00:00
2017-07-02,23.69,18:00:00
2017-07-02,22.91,19:00:00
2017-07-02,22.07,20:00:00
2017-07-02,21.21,21:00:00
2017-07-02,20.39,22:00:00
2017-07-02,19.65,23:00:00
2017-07-03,19.16,00:00:00
2017-07-03,18.79,01:00:00
2017-07-03,18.66,02:00:00
2017-07-03,18.80,03:00:00
2017-07-03,19.17,04:00:00
2017-07-03,19.75,05:00:00
2017-07-03,20.48,06:00:00
2017-07-03,21.29,07:00:00
2017-07-03,22.14,08:00:00
2017-07-03,22.98,09:00:00
2017-07-03,23.77,10:00:00
2017-07-03,24.47,11:00:00
2017-07-03,25.03,12:00:00
2017-07-03,25.40,13:00:00
2017-07-03,25.56,14:00:00
2017-07-03,25.46,15:00:00
2017-07-03,25.12,16:00:00
2017-07-03,24.55,17:00:00
2017-07-03,23.80,18:00:00
2017-07-03,22.95,19:00:00
2017-07-03,22.06,20:00:00
2017-07-03,21.20,21:00:00
2017-07-03,20.42,22:00:00
2017-07-03,19.75,23:00:00
2017-07-04,19.31,00:00:00
2017-07-04,18.97,01:00:00
2017-07-04,18.82,02:00:00
2017-07-04,18.90,03:00:00
2017-07-04,19.20,04:00:00
2017-07-04,19.74,05:00:00
2017-07-04,20.46,06:00:00
2017-07-04,21.32,07:00:00
2017-07-04,22.24,08:00:00
2017-07-04,23.14,09:00:00
2017-07-04,23.95,10:00:00
2017-07-04,24.62,11:00:00
2017-07-04,25.12,12:00:00
2017-07-04,25.43,13:00:00
2017-07-04,25.54,14:00:00
2017-07-04,25.45,15:00:00
2017-07-04,25.15,16:00:00
2017-07-04,24.64,17:00:00
2017-07-04,23.96,18:00:00
2017-07-04,23.13,19:00:00
2017-07-04,22.22,20:00:00
2017-07-04,21.30,21:00:00
2017-07-04,20.45,22:00:00
2017-07-04,19.74,23:00:00
2017-07-05,19.29,00:00:00
2017-07-05,18.99,01:00:00
2017-07-05,18.91,02:00:00
2017-07-05,19.05,03:00:00
2017-07-05,19.38,04:00:00
2017-07-05,19.88,05:00:00
2017-07-05,20.55,06:00:00
2017-07-05,21.34,07:00:00
2017-07-05,22.21,08:00:00
2017-07-05,23.11,09:00:00
2017-07-05,23.97,10:00:00
2017-07-05,24.72,11:00:00
2017-07-05,25.27,12:00:00
2017-07-05,25.60,13:00:00
2017-07-05,25.69,14:00:00
2017-07-05,25.53,15:00:00
2017-07-05,25.16,16:00:00
2017-07-05,24.62,17:00:00
2017-07-05,23.93,18:00:00
2017-07-05,23.15,19:00:00
2017-07-05,22.31,20:00:00
2017-07-05,21.45,21:00:00
2017-07-05,20.62,22:00:00
2017-07-05,19.88,23:00:00
2017-07-06,19.36,00:00:00
2017-07-06,18.99,01:00:00
2017-07-06,18.87,02:00:00
2017-07-06,19.01,03:00:00
2017-07-06,19.39,04:00:00
2017-07-06,19.97,05:00:00
2017-07-06,20.69,06:00:00
2017-07-06,21.50,07:00:00
2017-07-06,22.35,08:00:00
2017-07-06,23.18,09:00:00
2017-07-06,23.98,10:00:00
2017-07-06,24.68,11:00:00
2017-07-06,25.24,12:00:00
2017-07-06,25.62,13:00:00
2017-07-06,25.77,14:00:00
2017-07-06,25.67,15:00:00
2017-07-06,25.32,16:00:00
2017-07-06,24.75,17:00:00
2017-07-06,24.00,18:00:00
2017-07-06,23.16,19:00:00
2017-07-06,22.27,20:00:00
2017-07-06,21.42,21:00:00
2017-07-06,20.64,22:00:00
2017-07-06,19.97,23:00:00
2017-07-07,19.49,00:00:00
2017-07-07,19.14,01:00:00
2017-07-07,18.99,02:00:00
2017-07-07,19.07,03:00:00
2017-07-07,19.38,04:00:00
2017-07-07,19.92,05:00:00
2017-07-07,20.65,06:00:00
2017-07-07,21.51,07:00:00
2017-07-07,22.42,08:00:00
2017-07-07,23.32,09:00:00
2017-07-07,24.13,10:00:00
2017-07-07,24.80,11:00:00
2017-07-07,25.30,12:00:00
2017-07-07,25.61,13:00:00
2017-07-07,25.72,14:00:00
2017-07-07,25.63,15:00:00
2017-07-07,25.33,16:00:00
2017-07-07,24.83,17:00:00
2017-07-07,24.14,18:00:00
2017-07-07,23.31,19:00:00
2017-07-07,22.39,20:00:00
2017-07-07,21.47,21:00:00
2017-07-07,20.62,22:00:00
2017-07-07,19.92,23:00:00
2017-07-08,19.44,00:00:00
2017-07-08,19.14,01:00:00
2017-07-08,19.06,02:00:00
2017-07-08,19.19,03:00:00
2017-07-08,19.52,04:00:00
2017-07-08,20.02,05:00:00
2017-07-08,20.69,06:00:00
2017-07-08,21.48,07:00:00
2017-07-08,22.36,08:00:00
2017-07-08,23.27,09:00:00
2017-07-08,24.13,10:00:00
2017-07-08,24.87,11:00:00
2017-07-08,25.42,12:00:00
2017-07-08,25.75,13:00:00
2017-07-08,25.83,14:00:00
2017-07-08,25.67,15:00:00
2017-07-08,25.30,16:00:00
2017-07-08,24.76,17:00:00
2017-07-08,24.09,18:00:00
2017-07-08,23.31,19:00:00
2017-07-08,22.46,20:00:00
2017-07-08,21.60,21:00:00
2017-07-08,20.76,22:00:00
2017-07-08,20.02,23:00:00
2017-07-09,19.46,00:00:00
2017-07-09,19.10,01:00:00
2017-07-09,18.98,02:00:00
2017-07-09,19.13,03:00:00
2017-07-09,19.51,04:00:00
2017-07-09,20.08,05:00:00
2017-07-09,20.80,06:00:00
2017-07-09,21.60,07:00:00
2017-07-09,22.45,08:00:00
2017-07-09,23.29,09:00:00
2017-07-09,24.08,10:00:00
2017-07-09,24.79,11:00:00
2017-07-09,25.36,12:00:00
2017-07-09,25.74,13:00:00
2017-07-09,25.89,14:00:00
2017-07-09,25.78,15:00:00
2017-07-09,25.43,16:00:00
2017-07-09,24.85,17:00:00
2017-07-09,24.11,18:00:00
2017-07-09,23.26,19:00:00
2017-07-09,22.38,20:00:00
2017-07-09,21.53,21:00:00
2017-07-09,20.75,22:00:00
2017-07-09,20.08,23:00:00
2017-07-10,19.56,00:00:00
2017-07-10,19.21,01:00:00
2017-07-10,19.06,02:00:00
2017-07-10,19.13,03:00:00
2017-07-10,19.45,04:00:00
2017-07-10,19.99,05:00:00
2017-07-10,20.72,06:00:00
2017-07-10,21.59,07:00:00
2017-07-10,22.50,08:00:00
2017-07-10,23.39,09:00:00
2017-07-10,24.19,10:00:00
2017-07-10,24.86,11:00:00
2017-07-10,25.36,12:00:00
2017-07-10,25.68,13:00:00
2017-07-10,25.80,14:00:00
2017-07-10,25.71,15:00:00
2017-07-10,25.41,16:00:00
2017-07-10,24.90,17:00:00
2017-07-10,24.21,18:00:00
2017-07-10,23.37,19:00:00
2017-07-10,22.45,20:00:00
2017-07-10,21.53,21:00:00
2017-07-10,20.69,22:00:00
2017-07-10,19.99,23:00:00
2017-07-11,19.48,00:00:00
2017-07-11,19.18,01:00:00
2017-07-11,19.10,02:00:00
2017-07-11,19.22,03:00:00
2017-07-11,19.54,04:00:00
2017-07-11,20.04,05:00:00
2017-07-11,20.71,06:00:00
2017-07-11,21.51,07:00:00
2017-07-11,22.39,08:00:00
2017-07-11,23.30,09:00:00
2017-07-11,24.16,10:00:00
2017-07-11,24.90,11:00:00
2017-07-11,25.45,12:00:00
2017-07-11,25.77,13:00:00
2017-07-11,25.85,14:00:00
2017-07-11,25.69,15:00:00
2017-07-11,25.33,16:00:00
2017-07-11,24.80,17:00:00
2017-07-11,24.12,18:00:00
2017-07-11,23.35,19:00:00
2017-07-11,22.50,20:00:00
2017-07-11,21.63,21:00:00
2017-07-11,20.79,22:00:00
2017-07-11,20.04,23:00:00
2017-07-12,19.45,00:00:00
2017-07-12,19.09,01:00:00
2017-07-12,18.98,02:00:00
2017-07-12,19.12,03:00:00
2017-07-12,19.51,04:00:00
2017-07-12,20.08,05:00:00
2017-07-12,20.79,06:00:00
2017-07-12,21.59,07:00:00
2017-07-12,22.43,08:00:00
2017-07-12,23.27,09:00:00
2017-07-12,24.07,10:00:00
2017-07-12,24.78,11:00:00
2017-07-12,25.35,12:00:00
2017-07-12,25.73,13:00:00
2017-07-12,25.88,14:00:00
2017-07-12,25.77,15:00:00
2017-07-12,25.41,16:00:00
2017-07-12,24.83,17:00:00
2017-07-12,24.09,18:00:00
2017-07-12,23.25,19:00:00
2017-07-12,22.38,20:00:00
2017-07-12,21.53,21:00:00
2017-07-12,20.75,22:00:00
2017-07-12,20.08,23:00:00
2017-07-13,19.51,00:00:00
2017-07-13,19.15,01:00:00
2017-07-13,19.00,02:00:00
2017-07-13,19.07,03:00:00
2017-07-13,19.40,04:00:00
2017-07-13,19.94,05:00:00
2017-07-13,20.68,06:00:00
2017-07-13,21.54,07:00:00
2017-07-13,22.45,08:00:00
2017-07-13,23.34,09:00:00
2017-07-13,24.13,10:00:00
2017-07-13,24.80,11:00:00
2017-07-13,25.30,12:00:00
2017-07-13,25.62,13:00:00
2017-07-13,25.75,14:00:00
2017-07-13,25.67,15:00:00
2017-07-13,25.37,16:00:00
2017-07-13,24.86,17:00:00
2017-07-13,24.16,18:00:00
2017-07-13,23.31,19:00:00
2017-07-13,22.39,20:00:00
2017-07-13,21.48,21:00:00
2017-07-13,20.64,22:00:00
2017-07-13,19.95,23:00:00
2017-07-14,19.40,00:00:00
2017-07-14,19.10,01:00:00
2017-07-14,19.01,02:00:00
2017-07-14,19.13,03:00:00
2017-07-14,19.45,04:00:00
2017-07-14,19.95,05:00:00
2017-07-14,20.61,06:00:00
2017-07-14,21.42,07:00:00
2017-07-14,22.31,08:00:00
2017-07-14,23.22,09:00:00
2017-07-14,24.08,10:00:00
2017-07-14,24.82,11:00:00
2017-07-14,25.36,12:00:00
2017-07-14,25.67,13:00:00
2017-07-14,25.75,14:00:00
2017-07-14,25.60,15:00:00
2017-07-14,25.24,16:00:00
2017-07-14,24.71,17:00:00
2017-07-14,24.04,18:00:00
2017-07-14,23.26,19:00:00
2017-07-14,22.41,20:00:00
2017-07-14,21.53,21:00:00
2017-07-14,20.69,22:00:00
2017-07-14,19.94,23:00:00
2017-07-15,19.31,00:00:00
2017-07-15,18.96,01:00:00
2017-07-15,18.85,02:00:00
2017-07-15,19.00,03:00:00
2017-07-15,19.39,04:00:00
2017-07-15,19.95,05:00:00
2017-07-15,20.66,06:00:00
2017-07-15,21.45,07:00:00
2017-07-15,22.29,08:00:00
2017-07-15,23.14,09:00:00
2017-07-15,23.94,10:00:00
2017-07-15,24.66,11:00:00
2017-07-15,25.23,12:00:00
2017-07-15,25.61,13:00:00
2017-07-15,25.76,14:00:00
2017-07-15,25.64,15:00:00
2017-07-15,25.28,16:00:00
2017-07-15,24.70,17:00:00
2017-07-15,23.96,18:00:00
2017-07-15,23.12,19:00:00
2017-07-15,22.26,20:00:00
2017-07-15,21.41,21:00:00
2017-07-15,20.63,22:00:00
2017-07-15,19.95,23:00:00
2017-07-16,19.35,00:00:00
2017-07-16,18.98,01:00:00
2017-07-16,18.83,02:00:00
2017-07-16,18.91,03:00:00
2017-07-16,19.23,04:00:00
2017-07-16,19.79,05:00:00
2017-07-16,20.53,06:00:00
2017-07-16,21.39,07:00:00
2017-07-16,22.29,08:00:00
2017-07-16,23.17,09:00:00
2017-07-16,23.97,10:00:00
2017-07-16,24.63,11:00:00
invalid-date,not-a-number,08:00:00
2017-06-01,21.0,08-,22.0,09:00:00
